"Status","Start Time","Stop Time","Duration in ms","Parent Suite","Suite","Sub Suite","Test Class","Test Method","Name","Description"
"passed","Sun May 31 09:39:24 UTC 2026","Sun May 31 09:39:25 UTC 2026","449","","test_e2e","TestBooker","","","Полный цикл: создание, обновление и удаление брони","
    Тест проверяет полный E2E цикл работы с бронированием:
    - Авторизация и получение токена
    - Создание новой брони
    - Получение и валидация брони по схеме
    - Полное обновление брони (PUT)
    - Частичное обновление брони (PATCH)
    - Удаление брони
    - Проверка что бронь удалена (404)
    "
